,gene_id,baseMean,log2FoldChange,lfcSE,stat,pvalue,padj,,
1,hsa-let-7f-5p,156.719,2.776,0.431,6.443,1.17e-10,5.87e-08,,
2,hsa-miR-335-5p,36.077,4.008,0.645,6.209,5.32e-10,1.33e-07,,
3,hsa-miR-27a-3p,152.160,2.428,0.415,5.851,4.87e-09,8.13e-07,,
4,hsa-miR-143-3p,56.684,2.486,0.450,5.519,3.40e-08,4.26e-06,,
5,hsa-miR-26b-5p,285.200,2.179,0.410,5.308,1.11e-07,1.11e-05,,
6,hsa-miR-20a-5p,59.460,2.183,0.432,5.056,4.29e-07,3.58e-05,,
7,hsa-miR-146a-5p,123.037,2.003,0.399,5.016,5.29e-07,3.79e-05,,
8,hsa-miR-199a-3p,143.755,1.709,0.371,4.604,4.14e-06,0.000,,
9,hsa-piR-33013,1807.992,1.850,0.427,4.335,1.46e-05,0.001,,
10,tRNA-Tyr-GTA-4-1,91.830,-0.870,0.203,-4.278,1.89e-05,0.001,,
11,hsa-miR-199b-3p,60.218,1.570,0.370,4.241,2.23e-05,0.001,,
12,hsa-let-7a-5p,818.194,1.517,0.365,4.153,3.28e-05,0.001,,
13,hsa-let-7g-5p,185.122,1.617,0.390,4.143,3.43e-05,0.001,,
14,hsa-miR-15b-5p,31.485,1.788,0.452,3.953,7.72e-05,0.003,,
15,tRNA-Phe-GAA-5-1,165.295,-0.545,0.140,-3.905,9.42e-05,0.003,,
16,hsa-miR-16-5p,2595.131,1.682,0.434,3.879,0.000,0.003,,
17,tRNA-Gly-GCC-4-1,23.684,-1.495,0.386,-3.875,0.000,0.003,,
18,hsa-miR-98-5p,13.257,2.284,0.600,3.806,0.000,NA,,
19,hsa-miR-625-5p,6.743,2.705,0.714,3.789,0.000,NA,,
20,hsa-let-7d-5p,74.759,1.828,0.485,3.769,0.000,0.005,,
21,hsa-miR-625-3p,7.058,2.568,0.682,3.763,0.000,NA,,
22,5S_dup92_seq_818,142.649,-1.471,0.400,-3.675,0.000,0.006,,
23,hsa-miR-376c-3p,19.519,2.115,0.576,3.670,0.000,0.006,,
24,hsa-miR-185-5p,65.818,1.867,0.529,3.526,0.000,0.010,,
25,5S_dup17_seq_297,216.392,-1.427,0.408,-3.497,0.000,0.011,,
26,tRNA-Arg-TCT-5-1,698.965,-0.701,0.202,-3.475,0.001,0.011,,
27,hsa-miR-142-5p,83.172,1.312,0.386,3.399,0.001,0.014,,
28,5S_dup22_seq_658,53.874,-2.292,0.680,-3.369,0.001,0.015,,
29,hsa-miR-151a-5p,70.088,1.437,0.431,3.335,0.001,0.016,,
30,hsa-miR-652-3p,34.191,1.271,0.383,3.315,0.001,0.017,,
31,hsa-miR-28-5p,14.970,1.506,0.461,3.263,0.001,NA,,
32,LSU-rRNA_Hsa_dup6_seq_925,78.689,1.828,0.561,3.261,0.001,0.018,,
33,hsa-piR-32186,28.543,-1.508,0.465,-3.243,0.001,0.018,,
34,tRNA-Glu-CTC-1-2,718.289,-0.715,0.221,-3.239,0.001,0.018,,
35,tRNA-Glu-CTC-1-3,718.289,-0.715,0.221,-3.239,0.001,0.018,,
36,tRNA-Glu-CTC-1-4,718.289,-0.715,0.221,-3.239,0.001,0.018,,
37,tRNA-Glu-CTC-1-5,718.289,-0.715,0.221,-3.239,0.001,0.018,,
38,hsa-miR-26a-5p,1209.456,0.967,0.310,3.117,0.002,0.027,,
39,hsa-miR-223-3p,251.005,1.255,0.409,3.065,0.002,0.031,,
40,hsa-miR-22-3p,86.317,1.035,0.344,3.008,0.003,0.037,,
41,hsa-miR-17-5p,62.228,1.327,0.445,2.982,0.003,0.039,,
42,5S_dup1_seq_1564,27.766,-1.187,0.409,-2.905,0.004,0.048,,
43,hsa-piR-32938,8.378,-1.268,0.439,-2.890,0.004,NA,,
44,hsa-miR-657,9.701,-1.255,0.436,-2.881,0.004,NA,,
45,hsa-piR-18337,70.824,-1.060,0.368,-2.879,0.004,0.049,,
46,5S_dup50_seq_69,63.701,-1.351,0.470,-2.878,0.004,0.049,,
47,LSU-rRNA_Hsa_dup24_seq_1257,19.014,1.655,0.576,2.875,0.004,0.049,,
48,tRNA-Cys-GCA-15-1,49.879,-1.139,0.400,-2.850,0.004,0.052,,
49,hsa-miR-320a-3p,149.027,1.126,0.396,2.842,0.004,0.052,,
50,hsa-miR-425-3p,19.877,1.126,0.407,2.766,0.006,0.065,,
51,hsa-miR-130a-3p,21.995,1.297,0.480,2.702,0.007,0.077,,
52,LSU-rRNA_Hsa_dup13_seq_1054,101.510,0.848,0.316,2.681,0.007,0.080,,
53,tRNA-SeC-TCA-2-1,40.582,-0.737,0.279,-2.638,0.008,0.089,,
54,tRNA-Und-NNN-2-1,95.554,-0.540,0.205,-2.628,0.009,0.090,,
55,5S_dup39_seq_629,63.987,-1.188,0.457,-2.599,0.009,0.096,,
56,5S_dup52_seq_774,25.339,1.031,0.398,2.592,0.010,0.096,,
57,tRNA-Arg-CCT-5-1,40.085,-0.906,0.352,-2.577,0.010,0.098,,
58,tRNA-Val-TAC-1-2,591.151,-0.690,0.269,-2.564,0.010,0.100,,
59,hsa-miR-100-5p,8.381,1.507,0.589,2.558,0.011,NA,,
60,5S_dup11_seq_150,53.622,-0.893,0.350,-2.552,0.011,0.101,,
61,tRNA-Arg-TCT-3-1,206.905,-0.569,0.224,-2.536,0.011,0.101,,
62,hsa-miR-126-5p,225.733,0.827,0.327,2.531,0.011,0.101,,
63,tRNA-Arg-TCT-3-2,207.293,-0.568,0.225,-2.530,0.011,0.101,,
64,tRNA-Tyr-ATA-1-1,66.735,-0.548,0.217,-2.523,0.012,0.101,,
65,tRNA-Pro-CGG-1-3,57.909,1.347,0.535,2.517,0.012,0.101,,
66,tRNA-Pro-CGG-1-1,58.140,1.334,0.530,2.516,0.012,0.101,,
67,5S_dup42_seq_191,13.196,-1.234,0.491,-2.512,0.012,NA,,
68,hsa-piR-15406,9.531,-2.589,1.036,-2.498,0.012,NA,,
69,tRNA-Val-CAC-3-1,176.899,-0.423,0.170,-2.482,0.013,0.109,,
70,hsa-miR-451a,2102.822,1.308,0.532,2.458,0.014,0.114,,
71,LSU-rRNA_Hsa_dup14_seq_321,300.475,0.859,0.350,2.453,0.014,0.114,,
72,LSU-rRNA_Hsa_dup6_seq_676,1002.803,0.634,0.261,2.428,0.015,0.121,,
73,LSU-rRNA_Hsa_dup22_seq_808,327.824,0.691,0.286,2.420,0.016,0.121,,
74,tRNA-Pro-CGG-1-2,58.984,1.246,0.524,2.376,0.018,0.135,,
75,5S_dup21_seq_930,11.701,-1.296,0.548,-2.363,0.018,NA,,
76,hsa-piR-3238,5.277,-2.814,1.192,-2.361,0.018,NA,,
77,tRNA-Val-TAC-2-1,637.113,-0.595,0.254,-2.342,0.019,0.143,,
78,hsa-miR-191-5p,376.371,0.847,0.362,2.342,0.019,0.143,,
79,tRNA-Val-TAC-1-1,628.805,-0.610,0.261,-2.337,0.019,0.143,,
80,5S_seq_1484,81.342,-1.029,0.441,-2.333,0.020,0.143,,
81,tRNA-Phe-GAA-1-5,348.983,-0.638,0.275,-2.317,0.020,0.144,,
82,tRNA-Phe-GAA-1-2,348.824,-0.637,0.275,-2.314,0.021,0.144,,
83,hsa-piR-33115,10.482,-2.178,0.942,-2.311,0.021,NA,,
84,tRNA-Phe-GAA-1-3,348.863,-0.635,0.275,-2.308,0.021,0.144,,
85,5S_dup74_seq_1000,37.292,-0.927,0.402,-2.303,0.021,0.144,,
86,tRNA-Phe-GAA-1-6,348.838,-0.634,0.275,-2.303,0.021,0.144,,
87,tRNA-Glu-TTC-2-2,1168.295,-0.560,0.245,-2.286,0.022,0.149,,
88,hsa-let-7e-5p,19.106,0.811,0.360,2.253,0.024,0.160,,
89,tRNA-Tyr-GTA-6-1,135.934,-0.363,0.161,-2.246,0.025,0.161,,
90,hsa-miR-145-5p,13.466,1.129,0.506,2.232,0.026,NA,,
91,tRNA-Leu-AAG-2-4,85.577,0.460,0.206,2.229,0.026,0.164,,
92,LSU-rRNA_Hsa_dup11_seq_954,36.487,0.866,0.389,2.226,0.026,0.164,,
93,tRNA-Leu-AAG-2-1,85.952,0.458,0.206,2.224,0.026,0.164,,
94,hsa-piR-32870,12.543,-0.678,0.307,-2.210,0.027,NA,,
95,hsa-miR-30e-3p,11.859,1.255,0.571,2.199,0.028,NA,,
96,5S_dup25_seq_1462,21.132,-1.046,0.477,-2.196,0.028,0.174,,
97,5S_dup15_seq_922,9.839,-1.288,0.588,-2.190,0.029,NA,,
98,5S_dup4_seq_905,66.283,-0.651,0.297,-2.189,0.029,0.175,,
99,hsa-piR-32157,175.110,-0.769,0.353,-2.180,0.029,0.176,,
100,5S_dup22_seq_475,13.494,-1.078,0.497,-2.171,0.030,NA,,
101,5S_dup63_seq_85,19.923,0.988,0.456,2.166,0.030,0.181,,
102,5S_dup31_seq_521,6.215,2.474,1.143,2.164,0.030,NA,,
103,hsa-piR-32976,12.095,1.649,0.765,2.154,0.031,NA,,
104,hsa-miR-1307-3p,19.148,0.919,0.427,2.153,0.031,0.181,,
105,tRNA-Leu-AAG-2-2,85.683,0.445,0.207,2.153,0.031,0.181,,
106,hsa-piR-29678,37.946,0.550,0.256,2.151,0.032,0.181,,
107,hsa-piR-33030,8.178,-1.457,0.681,-2.141,0.032,NA,,
108,hsa-miR-107,90.558,0.890,0.419,2.124,0.034,0.187,,
109,tRNA-Pro-CGG-2-1,52.030,1.233,0.581,2.123,0.034,0.187,,
110,hsa-miR-361-3p,9.427,-1.122,0.529,-2.122,0.034,NA,,
111,tRNA-Leu-AAG-2-3,87.157,0.440,0.207,2.122,0.034,0.187,,
112,tRNA-Phe-GAA-1-1,385.467,-0.540,0.255,-2.120,0.034,0.187,,
113,hsa-piR-13551,74.895,-0.863,0.411,-2.099,0.036,0.195,,
114,tRNA-Glu-TTC-2-1,1492.098,-0.465,0.223,-2.091,0.037,0.195,,
115,5S_dup64_seq_556,325.096,-0.846,0.405,-2.090,0.037,0.195,,
116,LSU-rRNA_Hsa_dup2_seq_1030,3426.793,0.437,0.209,2.084,0.037,0.196,,
117,tRNA-Pro-TGG-1-1,515.462,0.872,0.419,2.080,0.038,0.196,,
118,hsa-miR-132-3p,5.827,-1.274,0.616,-2.068,0.039,NA,,
119,hsa-piR-27811,8.106,-1.049,0.510,-2.056,0.040,NA,,
120,5S_dup1_seq_665,146.717,-0.634,0.309,-2.050,0.040,0.207,,
121,tRNA-Arg-CCT-3-1,175.703,-0.477,0.233,-2.049,0.040,0.207,,
122,LSU-rRNA_Hsa_dup9_seq_175,14.837,0.691,0.338,2.043,0.041,NA,,
123,tRNA-Arg-TCT-4-1,275.493,-0.458,0.225,-2.035,0.042,0.211,,
124,LSU-rRNA_Hsa_dup13_seq_762,99.029,0.792,0.389,2.033,0.042,0.211,,
125,hsa-miR-24-3p,117.472,0.654,0.323,2.024,0.043,0.213,,
126,hsa-piR-32002,106.338,-0.365,0.181,-2.011,0.044,0.218,,
127,hsa-piR-32988,142.176,-0.972,0.490,-1.981,0.048,0.229,,
128,5S_dup33_seq_944,86.514,-0.935,0.472,-1.979,0.048,0.229,,
129,tRNA-Glu-TTC-7-1,40.006,-0.707,0.358,-1.974,0.048,0.229,,
130,hsa-piR-33019,124.000,-1.043,0.528,-1.974,0.048,0.229,,
131,5S_dup24_seq_514,6.223,1.740,0.888,1.960,0.050,NA,,
132,SSU-rRNA_Hsa_dup3_seq_344,22.395,-0.556,0.284,-1.958,0.050,0.235,,
133,hsa-miR-454-3p,7.748,1.135,0.580,1.956,0.050,NA,,
134,LSU-rRNA_Hsa_dup12_seq_956,78.685,0.816,0.418,1.954,0.051,0.235,,
135,LSU-rRNA_Hsa_dup12_seq_602,10.016,0.700,0.358,1.954,0.051,NA,,
136,hsa-piR-29023,9.140,-0.720,0.370,-1.944,0.052,NA,,
137,LSU-rRNA_Hsa_dup1_seq_1280,14.675,-0.770,0.400,-1.927,0.054,NA,,
138,SSU-rRNA_Hsa_dup3_seq_1250,113.459,0.762,0.398,1.917,0.055,0.254,,
139,hsa-miR-93-5p,316.327,0.568,0.300,1.893,0.058,0.266,,
140,hsa-piR-3434,14.027,1.059,0.559,1.893,0.058,NA,,
141,tRNA-Thr-CGT-6-1,67.788,0.547,0.289,1.889,0.059,0.266,,
142,hsa-miR-3615,9.103,-0.918,0.486,-1.887,0.059,NA,,
143,5S_dup39_seq_257,6.877,-1.307,0.694,-1.883,0.060,NA,,
144,LSU-rRNA_Hsa_dup13_seq_1215,23.163,-0.737,0.394,-1.873,0.061,0.273,,
145,hsa-piR-15028,7.080,-1.053,0.563,-1.871,0.061,NA,,
146,hsa-piR-26299,104.657,0.739,0.396,1.865,0.062,0.276,,
147,tRNA-Asp-GTC-10-1,4.882,-1.039,0.558,-1.864,0.062,NA,,
148,hsa-piR-13522,9.207,-0.728,0.392,-1.858,0.063,NA,,
149,tRNA-Glu-TTC-14-1,39.771,-0.534,0.289,-1.845,0.065,0.286,,
150,tRNA-Ser-CGA-4-1,350.956,-0.341,0.185,-1.837,0.066,0.286,,
151,hsa-piR-32962,5.673,1.088,0.593,1.834,0.067,NA,,
152,hsa-miR-376a-3p,5.084,1.669,0.911,1.833,0.067,NA,,
153,LSU-rRNA_Hsa_dup15_seq_1315,60.815,0.770,0.420,1.832,0.067,0.286,,
154,hsa-piR-10551,138.984,0.729,0.398,1.830,0.067,0.286,,
155,tRNA-Ser-TGA-4-1,1053.096,-0.293,0.160,-1.828,0.068,0.286,,
156,tRX-Val-NNN-4-1,209.957,-0.498,0.274,-1.820,0.069,0.286,,
157,hsa-miR-144-3p,297.647,0.953,0.525,1.815,0.070,0.286,,
158,5S_dup7_seq_216,22.913,-0.635,0.350,-1.815,0.070,0.286,,
159,5S_dup8_seq_217,22.913,-0.635,0.350,-1.815,0.070,0.286,,
160,5S_dup49_seq_1399,53.720,-0.864,0.478,-1.808,0.071,0.286,,
161,hsa-miR-222-3p,36.538,0.557,0.308,1.806,0.071,0.286,,
162,5S_dup7_seq_146,6.099,-1.204,0.667,-1.805,0.071,NA,,
163,tRNA-Leu-AAG-4-1,68.721,0.754,0.418,1.803,0.071,0.286,,
164,hsa-miR-340-5p,6.628,1.117,0.621,1.798,0.072,NA,,
165,hsa-miR-339-5p,6.909,1.145,0.641,1.785,0.074,NA,,
166,hsa-piR-29929,7.215,-0.871,0.489,-1.781,0.075,NA,,
167,hsa-miR-140-5p,7.298,0.992,0.561,1.768,0.077,NA,,
168,tRNA-Phe-GAA-1-4,529.293,-0.654,0.370,-1.766,0.077,0.308,,
169,5S_dup46_seq_1397,42.849,-0.547,0.311,-1.757,0.079,0.311,,
170,LSU-rRNA_Hsa_dup23_seq_1256,539.434,0.612,0.353,1.734,0.083,0.324,,
171,tRNA-Sup-TTA-1-1,24.775,-0.625,0.363,-1.722,0.085,0.331,,
172,5S_dup25_seq_304,6.219,-0.911,0.534,-1.704,0.088,NA,,
173,LSU-rRNA_Hsa_dup18_seq_1074,1109.972,0.436,0.257,1.698,0.089,0.343,,
174,hsa-piR-32837,649.349,0.281,0.166,1.697,0.090,0.343,,
175,hsa-miR-151b,10.230,0.826,0.489,1.690,0.091,NA,,
176,5S_dup74_seq_567,6.565,-1.012,0.603,-1.678,0.093,NA,,
177,5S_dup15_seq_845,15.079,-0.868,0.518,-1.677,0.094,NA,,
178,tRNA-Trp-CCA-2-1,356.507,0.711,0.424,1.676,0.094,0.354,,
179,5S_dup14_seq_1360,12.096,0.731,0.436,1.676,0.094,NA,,
180,hsa-piR-24649,32.016,0.766,0.458,1.674,0.094,0.354,,
181,hsa-piR-32934,10.262,-0.798,0.482,-1.656,0.098,NA,,
182,hsa-piR-32984,9.399,-1.779,1.075,-1.656,0.098,NA,,
183,tRNA-Val-CAC-8-1,208.710,-0.459,0.278,-1.655,0.098,0.366,,
184,tRX-Val-NNN-5-1,208.822,-0.458,0.277,-1.651,0.099,0.366,,
185,tRNA-Leu-AAG-3-1,106.480,0.441,0.268,1.647,0.100,0.367,,
186,tRNA-Lys-TTT-9-1,12.300,0.971,0.591,1.644,0.100,NA,,
187,LSU-rRNA_Hsa_dup11_seq_51,30597.976,0.235,0.143,1.637,0.102,0.372,,
188,hsa-miR-21-5p,914.510,0.428,0.263,1.628,0.103,0.376,,
189,LSU-rRNA_Hsa_dup18_seq_1559,5.886,1.157,0.712,1.624,0.104,NA,,
190,tRNA-Gln-TTG-6-1,33.217,-0.752,0.463,-1.623,0.105,0.377,,
191,hsa-let-7b-5p,475.024,0.362,0.224,1.615,0.106,0.378,,
192,hsa-miR-15a-5p,120.892,0.576,0.357,1.614,0.107,0.378,,
193,hsa-piR-4874,5.961,0.863,0.538,1.606,0.108,NA,,
194,hsa-piR-5439,13.162,-0.737,0.460,-1.603,0.109,NA,,
195,5S_dup4_seq_1431,10.153,-0.932,0.582,-1.603,0.109,NA,,
196,tRNA-Leu-TAG-1-1,74.241,0.357,0.224,1.594,0.111,0.387,,
197,tRNA-Arg-TCG-5-1,283.969,-0.328,0.206,-1.587,0.112,0.387,,
198,5S_dup48_seq_1138,44.344,-0.596,0.376,-1.586,0.113,0.387,,
199,tRNA-Arg-TCG-4-1,286.568,-0.322,0.203,-1.584,0.113,0.387,,
200,tRNA-Pro-AGG-4-1,13.705,-0.868,0.548,-1.584,0.113,NA,,
201,hsa-miR-28-3p,21.734,0.621,0.392,1.583,0.113,0.387,,
202,hsa-piR-12190,47.735,-0.382,0.241,-1.583,0.113,0.387,,
203,tRNA-Leu-AAG-1-1,74.245,0.355,0.225,1.579,0.114,0.387,,
204,5S_dup48_seq_1332,15.679,-0.611,0.387,-1.577,0.115,NA,,
205,hsa-miR-378a-3p,23.838,0.648,0.414,1.566,0.117,0.392,,
206,5S_dup9_seq_871,88.483,-0.657,0.420,-1.563,0.118,0.392,,
207,SSU-rRNA_Hsa_dup1_seq_727,34.165,-0.387,0.248,-1.561,0.119,0.392,,
208,5S_dup22_seq_1204,20.941,0.747,0.480,1.556,0.120,0.392,,
209,hsa-miR-221-3p,87.630,0.414,0.266,1.555,0.120,0.392,,
210,hsa-piR-32993,14.190,2.864,1.842,1.555,0.120,NA,,
211,tRNA-Ser-AGA-2-5,20.512,0.543,0.350,1.549,0.121,0.395,,
212,hsa-miR-7704,50.663,0.614,0.398,1.544,0.123,0.396,,
213,tRNA-Cys-GCA-1-1,29.297,-0.736,0.481,-1.532,0.126,0.403,,
214,hsa-miR-130b-3p,10.338,0.822,0.540,1.522,0.128,NA,,
215,LSU-rRNA_Hsa_dup17_seq_692,6.123,0.960,0.631,1.520,0.128,NA,,
216,tRNA-Leu-AAG-1-3,74.267,0.340,0.224,1.519,0.129,0.411,,
217,LSU-rRNA_Hsa_dup12_seq_183,106.072,0.454,0.300,1.514,0.130,0.412,,
218,hsa-piR-23048,14.150,3.443,2.276,1.513,0.130,NA,,
219,LSU-rRNA_Hsa_dup1_seq_286,17.871,0.771,0.511,1.508,0.131,0.414,,
220,hsa-miR-20b-5p,6.587,1.130,0.751,1.506,0.132,NA,,
221,hsa-miR-150-5p,468.833,-0.629,0.421,-1.493,0.135,0.424,,
222,hsa-piR-33029,5.295,1.753,1.180,1.486,0.137,NA,,
223,hsa-piR-4960,114.454,0.682,0.459,1.484,0.138,0.427,,
224,hsa-let-7i-5p,237.385,0.428,0.289,1.483,0.138,0.427,,
225,hsa-miR-3168,280.756,-0.305,0.207,-1.473,0.141,0.432,,
226,tRNA-Ala-TGC-1-1,107.343,-0.285,0.193,-1.471,0.141,0.432,,
227,hsa-piR-25717,7.249,-1.028,0.702,-1.464,0.143,NA,,
228,tRNA-Gly-CCC-3-1,50.038,-0.325,0.222,-1.459,0.144,0.439,,
229,tRNA-Leu-AAG-1-2,76.519,0.315,0.219,1.443,0.149,0.449,,
230,5S_dup13_seq_222,22.674,0.643,0.447,1.437,0.151,0.452,,
231,tRNA-Asn-GTT-9-1,29.726,-0.409,0.286,-1.431,0.152,0.452,,
232,tRNA-Ser-CGA-3-1,76.771,-0.334,0.234,-1.431,0.152,0.452,,
233,SSU-rRNA_Hsa_dup1_seq_932,17.882,-0.577,0.405,-1.426,0.154,0.452,,
234,5S_dup27_seq_480,12.452,-0.658,0.462,-1.425,0.154,NA,,
235,LSU-rRNA_Hsa_dup10_seq_573,333.550,0.398,0.280,1.424,0.154,0.452,,
236,LSU-rRNA_Hsa_dup4_seq_736,8.948,-0.798,0.561,-1.422,0.155,NA,,
237,5S_dup62_seq_358,5.328,-0.840,0.592,-1.421,0.155,NA,,
238,LSU-rRNA_Hsa_dup24_seq_819,11.564,0.835,0.594,1.405,0.160,NA,,
239,5S_dup61_seq_357,5.299,-0.829,0.590,-1.404,0.160,NA,,
240,tRNA-Ser-AGA-3-1,6.133,-0.722,0.520,-1.390,0.165,NA,,
241,hsa-piR-20697,6.231,-1.183,0.852,-1.388,0.165,NA,,
242,tRNA-Gly-TCC-1-1,296.396,0.325,0.235,1.385,0.166,0.483,,
243,tRNA-Val-CAC-9-1,12.378,-0.608,0.442,-1.375,0.169,NA,,
244,hsa-miR-151a-3p,44.051,0.543,0.395,1.374,0.169,0.491,,
245,hsa-miR-205-5p,5.697,-1.297,0.946,-1.372,0.170,NA,,
246,hsa-miR-106a-5p,19.104,-0.705,0.515,-1.368,0.171,0.491,,
247,hsa-miR-92a-3p,1276.742,-0.403,0.295,-1.366,0.172,0.491,,
248,hsa-piR-29270,60.528,-0.458,0.335,-1.365,0.172,0.491,,
249,hsa-piR-32994,29.712,0.732,0.540,1.357,0.175,0.495,,
250,hsa-miR-92b-5p,16.201,-0.425,0.313,-1.357,0.175,NA,,
251,hsa-piR-27888,13.863,-0.970,0.716,-1.356,0.175,NA,,
252,LSU-rRNA_Hsa_dup1_seq_879,749.672,-0.309,0.228,-1.354,0.176,0.495,,
253,5S_dup24_seq_855,10.400,0.927,0.686,1.352,0.176,NA,,
254,LSU-rRNA_Hsa_dup15_seq_195,7.598,0.629,0.467,1.346,0.178,NA,,
255,5S_dup11_seq_918,7.652,-0.998,0.742,-1.345,0.179,NA,,
256,tRNA-Glu-CTC-7-1,67.942,0.554,0.412,1.345,0.179,0.500,,
257,tRNA-Ser-CGA-1-1,111.457,-0.226,0.169,-1.339,0.180,0.502,,
258,hsa-piR-5821,8.584,-0.619,0.464,-1.335,0.182,NA,,
259,5S_dup29_seq_395,8.883,-0.667,0.501,-1.332,0.183,NA,,
260,LSU-rRNA_Hsa_dup7_seq_663,894.118,-0.351,0.264,-1.331,0.183,0.507,,
261,hsa-piR-28610,7.553,0.590,0.443,1.331,0.183,NA,,
262,tRNA-Glu-TTC-5-1,150.629,-0.358,0.270,-1.326,0.185,0.508,,
263,LSU-rRNA_Hsa_dup3_seq_163,43.457,0.436,0.329,1.324,0.185,0.508,,
264,hsa-piR-1513,519.347,0.286,0.217,1.320,0.187,0.509,,
265,hsa-piR-23839,5.019,0.727,0.551,1.319,0.187,NA,,
266,hsa-miR-4499,25.492,-0.472,0.361,-1.307,0.191,0.518,,
267,tRNA-Lys-CTT-6-1,297.655,0.570,0.439,1.299,0.194,0.522,,
268,5S_dup61_seq_1258,72.731,-0.863,0.670,-1.288,0.198,0.524,,
269,tRNA-Arg-TCG-2-1,310.322,-0.355,0.276,-1.286,0.198,0.524,,
270,LSU-rRNA_Hsa_dup17_seq_326,186.801,-0.368,0.286,-1.286,0.199,0.524,,
271,hsa-piR-21273,482.257,0.466,0.364,1.280,0.201,0.524,,
272,hsa-piR-12263,51.524,0.371,0.290,1.280,0.201,0.524,,
273,hsa-piR-33088,75.696,-0.272,0.214,-1.272,0.203,0.524,,
274,LSU-rRNA_Hsa_dup7_seq_1441,20.841,0.852,0.671,1.271,0.204,0.524,,
275,hsa-piR-12339,5.540,-0.697,0.548,-1.270,0.204,NA,,
276,tRNA-Gly-CCC-4-1,230.672,-0.370,0.292,-1.267,0.205,0.524,,
277,LSU-rRNA_Hsa_dup19_seq_786,35.549,0.574,0.455,1.260,0.208,0.524,,
278,hsa-miR-125a-5p,44.192,-0.457,0.363,-1.260,0.208,0.524,,
279,5S_dup16_seq_1198,36.628,-0.635,0.504,-1.259,0.208,0.524,,
280,tRNA-Tyr-GTA-7-1,37.938,-0.467,0.372,-1.256,0.209,0.524,,
281,hsa-piR-27570,19.576,0.908,0.723,1.256,0.209,0.524,,
282,hsa-piR-23197,473.311,-0.253,0.201,-1.255,0.209,0.524,,
283,tRNA-Asn-GTT-9-2,28.709,-0.360,0.288,-1.252,0.211,0.525,,
284,tRNA-Arg-TCT-2-1,50.947,-0.336,0.269,-1.247,0.212,0.526,,
285,tRX-Lys-NNN-3-1,92.450,-0.382,0.307,-1.245,0.213,0.526,,
286,tRNA-Lys-CTT-16-1,37.295,0.562,0.456,1.233,0.218,0.534,,
287,5S_dup5_seq_1350,23.320,-0.790,0.643,-1.228,0.220,0.537,,
288,hsa-miR-6777-5p,20.976,-0.420,0.343,-1.224,0.221,0.537,,
289,tRNA-Ser-TGA-3-1,22.800,0.396,0.325,1.220,0.223,0.539,,
290,5S_dup62_seq_83,15.913,0.970,0.801,1.210,0.226,NA,,
291,hsa-miR-142-3p,139.482,0.420,0.348,1.207,0.227,0.547,,
292,tRX-Ala-NNN-5-1,16.600,0.520,0.433,1.203,0.229,NA,,
293,hsa-piR-23581,4.922,-1.000,0.832,-1.202,0.230,NA,,
294,hsa-piR-32847,41.391,0.767,0.639,1.200,0.230,0.549,,
295,5S_dup36_seq_404,23.405,-0.764,0.638,-1.199,0.231,0.549,,
296,hsa-piR-32652,10.959,0.738,0.616,1.198,0.231,NA,,
297,tRNA-Trp-CCA-3-3,65.998,0.336,0.281,1.198,0.231,0.549,,
298,tRNA-Ile-AAT-9-1,115.597,-0.193,0.163,-1.188,0.235,0.553,,
299,hsa-piR-5746,5.632,-0.657,0.553,-1.187,0.235,NA,,
300,hsa-miR-23b-3p,80.658,-0.371,0.313,-1.185,0.236,0.553,,
301,tRNA-Leu-TAA-1-1,93.974,-0.278,0.235,-1.184,0.236,0.553,,
302,hsa-piR-29331,695.523,-0.358,0.303,-1.181,0.238,0.554,,
303,hsa-piR-20792,333.185,0.200,0.170,1.176,0.240,0.556,,
304,tRNA-Arg-CCG-2-1,173.182,-0.251,0.214,-1.173,0.241,0.556,,
305,hsa-miR-532-5p,7.742,0.876,0.749,1.170,0.242,NA,,
306,tRNA-Ile-TAT-3-1,7.279,-0.807,0.690,-1.168,0.243,NA,,
307,5S_dup38_seq_1528,16.555,-0.500,0.430,-1.162,0.245,NA,,
308,hsa-piR-9567,7.215,-0.957,0.829,-1.154,0.248,NA,,
309,tRNA-Ile-TAT-1-1,55.075,-0.421,0.365,-1.153,0.249,0.572,,
310,LSU-rRNA_Hsa_dup14_seq_1160,73.137,-0.294,0.256,-1.147,0.251,0.573,,
311,hsa-miR-126-3p,492.481,0.292,0.256,1.140,0.254,0.573,,
312,tRNA-Ser-CGA-2-1,79.993,-0.227,0.199,-1.137,0.255,0.573,,
313,hsa-piR-12654,3102.604,-0.281,0.247,-1.137,0.255,0.573,,
314,tRNA-Gly-CCC-2-1,319.599,-0.131,0.116,-1.137,0.256,0.573,,
315,LSU-rRNA_Hsa_dup1_seq_1494,162.328,0.345,0.304,1.136,0.256,0.573,,
316,hsa-piR-21364,13.076,-0.577,0.510,-1.130,0.259,NA,,
317,5S_dup6_seq_638,14.109,-0.520,0.461,-1.128,0.259,NA,,
318,tRNA-Ser-AGA-2-6,29.159,0.288,0.256,1.126,0.260,0.579,,
319,LSU-rRNA_Hsa_dup16_seq_200,106.994,0.508,0.454,1.118,0.264,0.583,,
320,hsa-miR-199a-5p,46.752,0.516,0.462,1.116,0.264,0.583,,
321,tRNA-His-GTG-2-1,8.118,0.649,0.588,1.104,0.270,NA,,
322,tRNA-Ala-TGC-8-1,57.368,0.499,0.454,1.099,0.272,0.597,,
323,5S_dup22_seq_233,14.194,-0.874,0.800,-1.093,0.274,NA,,
324,tRNA-Ala-AGC-11-1,31.223,0.429,0.394,1.088,0.277,0.605,,
325,hsa-miR-144-5p,15.547,0.798,0.735,1.086,0.278,NA,,
326,hsa-piR-17288,11.232,-0.651,0.602,-1.081,0.280,NA,,
327,5S_dup70_seq_1161,15.964,-0.590,0.547,-1.078,0.281,NA,,
328,hsa-piR-22919,21.523,-0.785,0.733,-1.072,0.284,0.618,,
329,tRNA-Asn-GTT-26-1,10.979,-0.705,0.660,-1.068,0.286,NA,,
330,hsa-miR-7157-5p,7.263,0.422,0.396,1.066,0.286,NA,,
331,tRX-Lys-NNN-1-1,23.144,-0.416,0.391,-1.065,0.287,0.621,,
332,5S_dup16_seq_1027,7.283,-0.532,0.500,-1.062,0.288,NA,,
333,LSU-rRNA_Hsa_dup1_seq_906,104.124,-0.445,0.419,-1.061,0.289,0.621,,
334,LSU-rRNA_Hsa_dup9_seq_1377,22.792,0.461,0.434,1.061,0.289,0.621,,
335,hsa-miR-345-5p,6.358,-0.657,0.621,-1.058,0.290,NA,,
336,5S_dup11_seq_220,40.098,0.541,0.513,1.054,0.292,0.624,,
337,5S_dup10_seq_426,6.101,-0.492,0.468,-1.050,0.294,NA,,
338,tRNA-Lys-CTT-13-1,5.865,-0.718,0.686,-1.048,0.295,NA,,
339,hsa-piR-30292,4.892,0.605,0.579,1.044,0.296,NA,,
340,5S_dup34_seq_1524,7.988,0.902,0.867,1.040,0.298,NA,,
341,LSU-rRNA_Hsa_dup19_seq_1238,53.901,0.342,0.329,1.039,0.299,0.636,,
342,tRNA-Pro-TGG-4-1,39.738,0.558,0.538,1.037,0.300,0.636,,
343,LSU-rRNA_Hsa_dup2_seq_842,6.381,-0.640,0.620,-1.033,0.302,NA,,
344,LSU-rRNA_Hsa_dup3_seq_882,12.385,0.467,0.453,1.030,0.303,NA,,
345,hsa-miR-197-3p,7.125,-0.756,0.734,-1.030,0.303,NA,,
346,hsa-miR-484,113.629,0.336,0.327,1.028,0.304,0.642,,
347,hsa-piR-23041,153.144,-0.337,0.331,-1.017,0.309,0.651,,
348,hsa-miR-194-5p,6.397,-0.981,0.965,-1.016,0.310,NA,,
349,tRNA-Ala-TGC-9-1,7.815,0.536,0.529,1.013,0.311,NA,,
350,5S_dup27_seq_1464,19.066,0.639,0.631,1.013,0.311,0.651,,
351,tRNA-Trp-CCA-3-1,65.551,0.299,0.297,1.009,0.313,0.651,,
352,5S_dup21_seq_1108,8.382,-0.999,0.991,-1.009,0.313,NA,,
353,tRNA-Trp-CCA-3-2,66.599,0.284,0.282,1.008,0.314,0.651,,
354,tRNA-Asp-GTC-1-1,697.552,-0.256,0.255,-1.006,0.314,0.651,,
355,hsa-piR-14010,11.136,0.463,0.461,1.003,0.316,NA,,
356,tRNA-Trp-CCA-5-1,63.024,0.296,0.296,0.999,0.318,0.655,,
357,tRNA-Lys-CTT-12-1,14.542,-0.362,0.364,-0.994,0.320,NA,,
358,tRNA-Arg-CCT-4-1,228.903,-0.224,0.225,-0.994,0.320,0.658,,
359,hsa-miR-9-5p,5.671,1.853,1.873,0.989,0.322,NA,,
360,5S_dup5_seq_670,123.934,1.748,1.779,0.983,0.326,0.665,,
361,hsa-miR-99a-5p,68.422,-0.390,0.397,-0.981,0.326,0.665,,
362,hsa-miR-152-3p,4.780,-0.624,0.636,-0.981,0.327,NA,,
363,hsa-piR-30284,6.061,-0.479,0.488,-0.980,0.327,NA,,
364,hsa-piR-2829,4.388,-0.956,0.976,-0.980,0.327,NA,,
365,hsa-miR-638,301.065,-0.235,0.242,-0.973,0.330,0.667,,
366,hsa-miR-4286,167.801,0.482,0.496,0.972,0.331,0.667,,
367,hsa-piR-33046,37.372,-0.429,0.442,-0.971,0.331,0.667,,
368,LSU-rRNA_Hsa_dup2_seq_1359,388.204,-0.190,0.196,-0.968,0.333,0.668,,
369,5S_dup49_seq_1333,8.183,0.520,0.543,0.958,0.338,NA,,
370,LSU-rRNA_Hsa_dup13_seq_185,18.948,-0.608,0.635,-0.957,0.339,0.676,,
371,LSU-rRNA_Hsa_dup2_seq_675,40.053,-0.289,0.303,-0.954,0.340,0.676,,
372,hsa-piR-12040,5.143,-0.512,0.545,-0.938,0.348,NA,,
373,hsa-miR-10a-5p,17.467,0.408,0.435,0.938,0.348,0.690,,
374,tRNA-Met-CAT-6-1,84.116,-0.309,0.332,-0.932,0.351,0.692,,
375,tRNA-Lys-TTT-13-1,111.621,0.386,0.417,0.926,0.354,0.692,,
376,hsa-piR-29630,4.782,0.664,0.717,0.926,0.354,NA,,
377,LSU-rRNA_Hsa_dup4_seq_1367,6.632,-0.509,0.549,-0.926,0.354,NA,,
378,hsa-miR-139-5p,53.186,-0.395,0.427,-0.926,0.355,0.692,,
379,SSU-rRNA_Hsa_dup1_seq_1427,1054.792,0.247,0.267,0.925,0.355,0.692,,
380,hsa-piR-1138,6.232,0.823,0.895,0.919,0.358,NA,,
381,LSU-rRNA_Hsa_dup2_seq_881,123.571,0.251,0.277,0.905,0.366,0.710,,
382,hsa-piR-2086,24.633,-0.402,0.449,-0.896,0.370,0.716,,
383,hsa-miR-200c-3p,5.979,0.952,1.068,0.891,0.373,NA,,
384,hsa-piR-32855,163.279,0.354,0.398,0.889,0.374,0.721,,
385,LSU-rRNA_Hsa_dup13_seq_270,58.880,-0.238,0.269,-0.885,0.376,0.722,,
386,tRNA-Pro-TGG-3-3,35.303,0.507,0.577,0.880,0.379,0.725,,
387,hsa-piR-9205,7.517,-0.634,0.724,-0.877,0.381,NA,,
388,hsa-piR-8148,6.918,0.484,0.554,0.873,0.383,NA,,
389,hsa-piR-1049,55.493,0.279,0.320,0.873,0.383,0.729,,
390,hsa-miR-584-5p,6.736,-0.512,0.588,-0.870,0.384,NA,,
391,hsa-miR-483-5p,6.555,0.550,0.634,0.867,0.386,NA,,
392,5S_seq_485,7.790,0.805,0.929,0.866,0.386,NA,,
393,hsa-piR-33103,8.681,0.448,0.518,0.866,0.386,NA,,
394,hsa-piR-20108,19.799,0.307,0.355,0.863,0.388,0.734,,
395,hsa-miR-186-5p,29.787,0.279,0.324,0.862,0.389,0.734,,
396,hsa-miR-27b-3p,68.669,0.247,0.287,0.860,0.390,0.734,,
397,5S_dup30_seq_483,55.711,0.491,0.576,0.853,0.394,0.739,,
398,tRNA-Ile-AAT-8-1,33.825,-0.309,0.365,-0.848,0.397,0.741,,
399,tRX-Leu-NNN-1-1,13.512,-0.326,0.387,-0.843,0.399,NA,,
400,tRNA-Cys-GCA-22-1,32.300,-0.243,0.288,-0.842,0.400,0.742,,
401,tRX-Ala-NNN-6-1,8.181,0.506,0.602,0.840,0.401,NA,,
402,tRNA-Cys-GCA-13-1,32.025,-0.236,0.281,-0.839,0.401,0.742,,
403,5S_dup28_seq_41,50.852,-0.435,0.520,-0.835,0.404,0.742,,
404,hsa-miR-361-5p,13.990,0.307,0.368,0.833,0.405,NA,,
405,5S_dup8_seq_147,240.060,-0.392,0.471,-0.832,0.405,0.742,,
406,tRNA-Ala-AGC-6-1,170.621,0.301,0.362,0.831,0.406,0.742,,
407,LSU-rRNA_Hsa_dup1_seq_7,33.436,0.436,0.525,0.831,0.406,0.742,,
408,tRNA-Pro-TGG-3-1,37.073,0.464,0.562,0.825,0.409,0.745,,
409,hsa-miR-342-3p,99.951,-0.309,0.376,-0.822,0.411,0.746,,
410,hsa-piR-30603,34.538,0.211,0.258,0.819,0.413,0.747,,
411,5S_dup21_seq_1033,5.467,-0.511,0.626,-0.817,0.414,NA,,
412,tRNA-Lys-CTT-9-1,24.097,-0.384,0.471,-0.815,0.415,0.748,,
413,hsa-piR-29749,6.229,-0.442,0.544,-0.813,0.416,NA,,
414,tRNA-Thr-CGT-5-1,22.511,-0.313,0.385,-0.812,0.417,0.749,,
415,5S_dup35_seq_624,66.361,0.454,0.563,0.808,0.419,0.750,,
416,tRNA-Asn-GTT-5-1,7.051,0.400,0.495,0.807,0.420,NA,,
417,hsa-piR-7041,33.415,-0.336,0.420,-0.800,0.424,0.755,,
418,hsa-miR-19a-3p,32.107,-0.393,0.496,-0.793,0.428,0.760,,
419,hsa-miR-101-3p,528.442,0.223,0.284,0.786,0.432,0.765,,
420,hsa-piR-19128,8.411,0.415,0.533,0.779,0.436,NA,,
421,LSU-rRNA_Hsa_dup6_seq_20,15.905,0.348,0.450,0.775,0.438,NA,,
422,hsa-piR-22126,105.642,0.349,0.451,0.774,0.439,0.772,,
423,hsa-piR-33005,26.437,-0.443,0.574,-0.772,0.440,0.772,,
424,LSU-rRNA_Hsa_dup13_seq_957,62.028,-0.213,0.276,-0.771,0.441,0.772,,
425,hsa-piR-33185,8.752,-0.479,0.621,-0.771,0.441,NA,,
426,5S_dup1_seq_1485,16.629,0.310,0.403,0.769,0.442,NA,,
427,tRNA-Lys-CTT-8-1,16.921,-0.385,0.502,-0.766,0.444,NA,,
428,tRNA-Leu-TAG-3-1,153.942,0.240,0.315,0.763,0.445,0.776,,
429,tRNA-Met-CAT-4-1,6.291,0.592,0.779,0.760,0.447,NA,,
430,tRNA-Met-CAT-4-3,6.291,0.592,0.779,0.760,0.447,NA,,
431,tRNA-Leu-AAG-6-1,5.975,0.368,0.487,0.757,0.449,NA,,
432,hsa-miR-148b-3p,11.663,0.334,0.442,0.755,0.450,NA,,
433,LSU-rRNA_Hsa_dup2_seq_382,8.255,-0.396,0.525,-0.755,0.450,NA,,
434,hsa-piR-14944,38.491,-0.201,0.267,-0.755,0.451,0.776,,
435,LSU-rRNA_Hsa_dup1_seq_412,130.555,-0.179,0.238,-0.751,0.453,0.776,,
436,hsa-piR-1687,7.296,-0.441,0.588,-0.751,0.453,NA,,
437,tRNA-Ala-TGC-7-1,26.917,-0.273,0.365,-0.748,0.454,0.776,,
438,tRNA-Cys-GCA-20-1,37.567,-0.212,0.285,-0.743,0.458,0.776,,
439,tRNA-Arg-TCG-1-1,278.123,-0.121,0.164,-0.741,0.459,0.776,,
440,tRNA-Trp-CCA-1-1,71.133,0.229,0.311,0.738,0.461,0.776,,
441,hsa-piR-18630,9.423,0.328,0.445,0.737,0.461,NA,,
442,tRNA-Met-CAT-2-1,6.049,0.635,0.862,0.737,0.461,NA,,
443,tRNA-Thr-TGT-2-1,194.141,-0.166,0.227,-0.733,0.464,0.776,,
444,5S_dup38_seq_256,35.862,-0.491,0.672,-0.731,0.465,0.776,,
445,5S_dup26_seq_936,90.662,-0.267,0.366,-0.730,0.465,0.776,,
446,hsa-miR-140-3p,121.477,-0.176,0.241,-0.730,0.466,0.776,,
447,hsa-piR-3943,6.771,-0.524,0.720,-0.728,0.467,NA,,
448,5S_dup41_seq_1325,9.713,-0.316,0.435,-0.725,0.468,NA,,
449,SSU-rRNA_Hsa_dup5_seq_865,1097.495,0.217,0.299,0.725,0.468,0.776,,
450,LSU-rRNA_Hsa_dup28_seq_114,49.474,-0.310,0.427,-0.725,0.468,0.776,,
451,hsa-miR-324-5p,6.095,-0.382,0.526,-0.725,0.469,NA,,
452,tRNA-Gln-CTG-12-1,7.392,0.511,0.706,0.724,0.469,NA,,
453,5S_dup22_seq_386,9.380,0.662,0.918,0.722,0.471,NA,,
454,LSU-rRNA_Hsa_dup9_seq_750,895.990,0.149,0.208,0.717,0.473,0.776,,
455,tRNA-Lys-TTT-15-1,40.305,-0.274,0.385,-0.713,0.476,0.776,,
456,tRNA-Gly-GCC-1-1,173.586,-0.272,0.381,-0.712,0.476,0.776,,
457,tRNA-Gly-GCC-1-2,173.586,-0.272,0.381,-0.712,0.476,0.776,,
458,tRNA-Gly-GCC-1-3,173.586,-0.272,0.381,-0.712,0.476,0.776,,
459,tRNA-Gly-GCC-1-4,173.586,-0.272,0.381,-0.712,0.476,0.776,,
460,LSU-rRNA_Hsa_dup6_seq_169,568.678,-0.165,0.233,-0.709,0.478,0.776,,
461,hsa-piR-11015,198.886,0.186,0.262,0.708,0.479,0.776,,
462,LSU-rRNA_Hsa_dup24_seq_88,35.157,0.358,0.507,0.706,0.480,0.776,,
463,tRNA-Asp-GTC-6-1,44.764,0.576,0.817,0.706,0.480,0.776,,
464,hsa-piR-32859,42.698,0.668,0.948,0.705,0.481,0.776,,
465,hsa-piR-32972,171.378,-0.143,0.204,-0.703,0.482,0.776,,
466,hsa-miR-148a-3p,18.355,-0.279,0.399,-0.699,0.484,0.776,,
467,tRNA-Arg-TCG-3-1,110.330,-0.140,0.200,-0.699,0.485,0.776,,
468,hsa-piR-28059,56.888,0.245,0.353,0.693,0.489,0.779,,
469,hsa-piR-28171,4.780,0.480,0.697,0.689,0.491,NA,,
470,tRNA-Lys-TTT-12-1,47.403,-0.230,0.335,-0.685,0.493,0.782,,
471,hsa-piR-32873,12.832,0.358,0.523,0.684,0.494,NA,,
472,tRNA-Glu-CTC-5-1,5.590,0.849,1.245,0.682,0.495,NA,,
473,LSU-rRNA_Hsa_dup12_seq_1214,13.249,-0.374,0.549,-0.682,0.495,NA,,
474,SSU-rRNA_Hsa_dup4_seq_858,27202.578,0.121,0.177,0.681,0.496,0.782,,
475,tRNA-Pro-TGG-3-2,41.051,0.404,0.596,0.678,0.498,0.782,,
476,5S_dup23_seq_933,18.896,-0.475,0.701,-0.677,0.498,0.782,,
477,tRNA-Val-AAC-6-1,35.632,-0.209,0.309,-0.677,0.498,0.782,,
478,5S_dup20_seq_299,7.715,-0.428,0.633,-0.676,0.499,NA,,
479,tRNA-Lys-TTT-11-1,10.955,-0.320,0.474,-0.675,0.500,NA,,
480,hsa-piR-29776,19.493,0.310,0.459,0.674,0.500,0.783,,
481,5S_dup4_seq_142,418.037,-0.352,0.525,-0.670,0.503,0.785,,
482,5S_dup69_seq_1422,7.309,-0.396,0.592,-0.669,0.504,NA,,
483,hsa-miR-30a-5p,121.005,-0.227,0.341,-0.666,0.506,0.787,,
484,LSU-rRNA_Hsa_dup10_seq_1465,11.218,-0.368,0.564,-0.653,0.514,NA,,
485,SSU-rRNA_Hsa_seq_1300,529.023,0.183,0.281,0.649,0.516,0.798,,
486,hsa-miR-92b-3p,11.408,0.406,0.625,0.649,0.516,NA,,
487,5S_dup10_seq_1183,24.043,0.225,0.347,0.648,0.517,0.798,,
488,hsa-piR-28104,8.519,0.374,0.580,0.645,0.519,NA,,
489,LSU-rRNA_Hsa_dup5_seq_1510,36.658,0.257,0.398,0.644,0.519,0.798,,
490,LSU-rRNA_Hsa_dup3_seq_1433,676.232,-0.136,0.212,-0.644,0.520,0.798,,
491,hsa-miR-17-3p,13.361,0.354,0.551,0.642,0.521,NA,,
492,hsa-piR-26601,7.814,0.354,0.555,0.637,0.524,NA,,
493,5S_dup3_seq_410,6.968,0.456,0.719,0.634,0.526,NA,,
494,LSU-rRNA_Hsa_dup20_seq_701,473.286,-0.183,0.290,-0.630,0.528,0.810,,
495,tRNA-Phe-GAA-12-1,54.176,-0.276,0.439,-0.627,0.530,0.810,,
496,tRNA-Met-CAT-4-2,6.206,0.522,0.835,0.625,0.532,NA,,
497,hsa-piR-18108,5.835,-0.421,0.678,-0.622,0.534,NA,,
498,tRNA-Lys-CTT-14-1,23.692,-0.222,0.358,-0.622,0.534,0.811,,
499,hsa-piR-16012,14.453,-0.274,0.441,-0.622,0.534,NA,,
500,hsa-piR-26918,382.646,0.202,0.324,0.622,0.534,0.811,,
501,LSU-rRNA_Hsa_dup9_seq_1534,8.108,0.273,0.439,0.622,0.534,NA,,
502,LSU-rRNA_Hsa_seq_1534,8.108,0.273,0.439,0.622,0.534,NA,,
503,5S_dup27_seq_937,15.869,0.386,0.623,0.619,0.536,NA,,
504,tRNA-Gly-GCC-1-5,170.768,-0.238,0.384,-0.619,0.536,0.811,,
505,hsa-miR-7-1-3p,4.923,-0.546,0.883,-0.619,0.536,NA,,
506,tRNA-Phe-GAA-3-1,72.643,-0.202,0.327,-0.617,0.538,0.811,,
507,hsa-piR-32723,6.916,-0.315,0.513,-0.615,0.539,NA,,
508,hsa-piR-8073,5.866,0.591,0.972,0.608,0.543,NA,,
509,tRNA-Gln-CTG-16-1,19.576,0.193,0.319,0.607,0.544,0.817,,
510,tRNA-Gln-TTG-3-1,45.142,-0.233,0.385,-0.606,0.545,0.817,,
511,hsa-miR-192-5p,9.080,-0.332,0.549,-0.606,0.545,NA,,
512,LSU-rRNA_Hsa_dup7_seq_1529,10.335,0.360,0.599,0.601,0.548,NA,,
513,SSU-rRNA_Hsa_dup2_seq_947,47.398,0.242,0.404,0.600,0.549,0.820,,
514,5S_dup39_seq_753,9.470,-0.293,0.489,-0.600,0.549,NA,,
515,hsa-piR-6797,9.105,-0.289,0.482,-0.599,0.549,NA,,
516,tRNA-Asn-GTT-10-1,5.900,-0.319,0.533,-0.598,0.550,NA,,
517,LSU-rRNA_Hsa_dup9_seq_1046,11.601,0.336,0.564,0.595,0.552,NA,,
518,tRNA-Ala-TGC-5-1,40.011,-0.148,0.251,-0.592,0.554,0.824,,
519,LSU-rRNA_Hsa_dup23_seq_84,9.925,-0.361,0.609,-0.592,0.554,NA,,
520,tRNA-Gln-TTG-3-3,45.354,-0.228,0.387,-0.590,0.555,0.824,,
521,LSU-rRNA_Hsa_dup7_seq_741,157.716,0.143,0.243,0.589,0.556,0.824,,
522,hsa-miR-301a-3p,5.023,0.400,0.683,0.586,0.558,NA,,
523,LSU-rRNA_Hsa_dup9_seq_683,64.426,-0.166,0.285,-0.581,0.561,0.827,,
524,hsa-piR-3171,40.885,-0.199,0.342,-0.581,0.561,0.827,,
525,LSU-rRNA_Hsa_dup16_seq_690,17.896,0.229,0.397,0.577,0.564,0.827,,
526,hsa-piR-15181,118.096,-0.111,0.192,-0.576,0.564,0.827,,
527,tRNA-Val-AAC-5-1,6.576,0.280,0.488,0.573,0.566,NA,,
528,tRNA-Gln-TTG-3-2,45.108,-0.219,0.384,-0.571,0.568,0.828,,
529,hsa-miR-29b-3p,67.866,-0.235,0.411,-0.570,0.568,0.828,,
530,5S_dup45_seq_196,6.222,0.331,0.585,0.566,0.571,NA,,
531,tRNA-Glu-TTC-8-1,16.518,-0.223,0.394,-0.566,0.572,NA,,
532,hsa-piR-8919,88.713,0.246,0.436,0.565,0.572,0.829,,
533,hsa-piR-10185,26.117,-0.252,0.449,-0.561,0.575,0.829,,
534,tRNA-Gly-CCC-7-1,57.442,-0.183,0.327,-0.559,0.576,0.829,,
535,hsa-piR-9187,9.380,-0.355,0.638,-0.556,0.578,NA,,
536,tRNA-Pro-TGG-3-4,62.370,0.229,0.412,0.556,0.578,0.829,,
537,LSU-rRNA_Hsa_dup10_seq_179,59.642,0.197,0.355,0.556,0.579,0.829,,
538,tRNA-Pro-TGG-3-5,62.611,0.227,0.410,0.555,0.579,0.829,,
539,hsa-let-7d-3p,8.441,0.329,0.597,0.551,0.581,NA,,
540,tRNA-Lys-TTT-3-3,415.796,-0.178,0.326,-0.547,0.584,0.831,,
541,tRNA-Lys-TTT-3-2,415.810,-0.178,0.326,-0.547,0.584,0.831,,
542,tRNA-Lys-TTT-3-4,415.713,-0.178,0.326,-0.546,0.585,0.831,,
543,hsa-piR-935,4.613,-0.352,0.645,-0.545,0.586,NA,,
544,hsa-piR-20812,6.303,0.427,0.786,0.544,0.587,NA,,
545,tRNA-Arg-ACG-2-1,28.210,0.142,0.266,0.534,0.593,0.834,,
546,hsa-piR-11121,129.943,-0.129,0.243,-0.532,0.595,0.834,,
547,tRNA-Lys-TTT-5-1,401.674,-0.176,0.332,-0.530,0.596,0.834,,
548,5S_dup119_seq_126,6.236,-0.385,0.727,-0.529,0.597,NA,,
549,SSU-rRNA_Hsa_seq_1566,12486.787,-0.105,0.198,-0.528,0.598,0.834,,
550,LSU-rRNA_Hsa_dup9_seq_1453,2856.862,-0.125,0.237,-0.527,0.598,0.834,,
551,5S_dup17_seq_1452,24.074,-0.527,1.001,-0.527,0.598,0.834,,
552,tRNA-Thr-CGT-2-1,120.655,0.106,0.202,0.525,0.599,0.834,,
553,tRNA-Phe-GAA-7-1,9.861,0.203,0.388,0.523,0.601,NA,,
554,tRNA-Lys-TTT-3-5,427.844,-0.168,0.322,-0.522,0.602,0.834,,
555,hsa-miR-29c-3p,114.400,0.154,0.295,0.521,0.602,0.834,,
556,hsa-piR-32989,10.815,-0.695,1.343,-0.518,0.605,NA,,
557,5S_dup5_seq_582,366.778,0.254,0.492,0.516,0.606,0.835,,
558,hsa-piR-1588,36.457,-0.198,0.385,-0.514,0.607,0.835,,
559,hsa-piR-29799,12.125,0.311,0.609,0.510,0.610,NA,,
560,5S_dup118_seq_125,8.139,0.249,0.489,0.510,0.610,NA,,
561,5S_dup1_seq_1012,7.069,0.266,0.523,0.509,0.611,NA,,
562,tRNA-Leu-TAA-2-1,67.829,-0.115,0.226,-0.508,0.612,0.838,,
563,tRNA-Asn-GTT-24-1,5.243,0.336,0.662,0.508,0.612,NA,,
564,5S_dup29_seq_309,5.723,-0.341,0.673,-0.507,0.612,NA,,
565,LSU-rRNA_Hsa_dup3_seq_1034,2628.574,0.102,0.201,0.507,0.612,0.838,,
566,5S_dup58_seq_1343,13.574,0.204,0.406,0.503,0.615,NA,,
567,tRNA-Asn-GTT-8-1,12.249,0.255,0.507,0.503,0.615,NA,,
568,hsa-piR-1612,82.756,0.268,0.538,0.499,0.618,0.844,,
569,LSU-rRNA_Hsa_dup1_seq_714,16.216,-0.237,0.477,-0.496,0.620,NA,,
570,tRNA-Lys-TTT-3-1,408.187,-0.163,0.331,-0.494,0.621,0.845,,
571,5S_dup54_seq_1246,56.241,0.420,0.854,0.492,0.623,0.845,,
572,tRNA-Asp-GTC-4-1,32.543,-0.220,0.449,-0.491,0.624,0.845,,
573,5S_dup2_seq_1565,8.366,0.251,0.514,0.490,0.624,NA,,
574,LSU-rRNA_Hsa_dup19_seq_622,1481.737,0.117,0.241,0.488,0.626,0.845,,
575,tRNA-Pro-AGG-3-1,81.081,-0.207,0.428,-0.484,0.628,0.846,,
576,hsa-piR-32965,5.545,0.356,0.738,0.482,0.630,NA,,
577,LSU-rRNA_Hsa_dup2_seq_501,5.445,-0.479,0.995,-0.482,0.630,NA,,
578,hsa-piR-31322,16.375,-0.259,0.540,-0.479,0.632,NA,,
579,hsa-piR-33065,54.134,0.180,0.375,0.478,0.632,0.849,,
580,hsa-piR-22269,110.652,0.140,0.298,0.470,0.638,0.855,,
581,5S_dup56_seq_1145,4.815,-0.367,0.796,-0.461,0.645,NA,,
582,tRNA-Cys-GCA-6-1,24.171,-0.186,0.410,-0.454,0.650,0.869,,
583,hsa-piR-31359,7.971,0.256,0.566,0.452,0.651,NA,,
584,tRNA-Ser-TGA-1-1,144.424,-0.074,0.164,-0.451,0.652,0.869,,
585,hsa-miR-889-3p,6.952,-0.360,0.802,-0.449,0.654,NA,,
586,hsa-piR-12492,5.069,-0.239,0.539,-0.443,0.658,NA,,
587,hsa-piR-14372,9.065,0.178,0.402,0.442,0.658,NA,,
588,5S_dup31_seq_1380,6.443,0.302,0.683,0.442,0.658,NA,,
589,tRNA-Trp-CCA-4-1,80.961,-0.110,0.251,-0.440,0.660,0.875,,
590,tRNA-Asn-GTT-22-1,66.546,-0.147,0.335,-0.439,0.661,0.875,,
591,LSU-rRNA_Hsa_dup14_seq_960,7.750,-0.257,0.585,-0.439,0.661,NA,,
592,5S_dup13_seq_1358,15.021,-0.291,0.664,-0.439,0.661,NA,,
593,hsa-miR-195-5p,4.699,-0.343,0.784,-0.438,0.661,NA,,
594,hsa-piR-13284,15.351,-0.264,0.606,-0.436,0.663,NA,,
595,5S_dup47_seq_964,10.546,0.259,0.599,0.433,0.665,NA,,
596,SSU-rRNA_Hsa_dup4_seq_1171,14182.744,-0.091,0.213,-0.429,0.668,0.876,,
597,tRNA-Ile-TAT-2-3,26.549,-0.173,0.403,-0.428,0.669,0.876,,
598,5S_dup11_seq_1497,6.259,0.212,0.498,0.426,0.670,NA,,
599,5S_dup60_seq_356,22.248,0.288,0.679,0.424,0.672,0.876,,
600,LSU-rRNA_Hsa_dup8_seq_1045,997.592,0.127,0.300,0.424,0.672,0.876,,
601,hsa-miR-23a-3p,233.014,0.127,0.300,0.423,0.672,0.876,,
602,5S_dup66_seq_91,108.581,0.182,0.432,0.422,0.673,0.876,,
603,5S_dup2_seq_579,29.070,-0.175,0.415,-0.421,0.674,0.876,,
604,LSU-rRNA_Hsa_dup5_seq_739,733.009,0.158,0.377,0.420,0.675,0.876,,
605,tRNA-Arg-ACG-2-3,19.603,-0.130,0.314,-0.413,0.680,0.880,,
606,hsa-miR-155-5p,14.951,0.171,0.422,0.406,0.685,NA,,
607,SSU-rRNA_Hsa_seq_1087,302.984,-0.113,0.280,-0.404,0.686,0.886,,
608,tRNA-Asp-GTC-9-1,7.686,0.237,0.591,0.402,0.688,NA,,
609,LSU-rRNA_Hsa_dup8_seq_743,35.000,0.141,0.352,0.401,0.688,0.886,,
610,LSU-rRNA_Hsa_dup15_seq_689,7.183,-0.185,0.466,-0.398,0.691,NA,,
611,tRNA-Phe-GAA-4-1,56.972,0.136,0.343,0.397,0.691,0.886,,
612,hsa-piR-19622,30.091,0.127,0.321,0.395,0.693,0.886,,
613,hsa-piR-6702,23.049,-0.180,0.459,-0.393,0.694,0.886,,
614,hsa-miR-21-3p,12.019,0.171,0.436,0.393,0.695,NA,,
615,hsa-miR-30c-5p,54.586,-0.184,0.470,-0.392,0.695,0.886,,
616,LSU-rRNA_Hsa_dup3_seq_298,45.874,0.143,0.366,0.390,0.697,0.886,,
617,hsa-miR-744-5p,12.330,0.222,0.576,0.385,0.700,NA,,
618,hsa-piR-18867,27.573,-0.126,0.327,-0.385,0.701,0.887,,
619,tRNA-Glu-TTC-6-1,16.836,-0.244,0.637,-0.384,0.701,NA,,
620,tRNA-Cys-GCA-14-1,67.817,-0.099,0.258,-0.383,0.701,0.887,,
621,LSU-rRNA_Hsa_dup23_seq_999,10.226,0.196,0.515,0.381,0.703,NA,,
622,hsa-miR-19b-3p,227.749,0.162,0.426,0.381,0.703,0.887,,
623,SSU-rRNA_Hsa_dup2_seq_38,8.943,-0.183,0.482,-0.379,0.704,NA,,
624,tRX-Asp-NNN-1-1,32.346,-0.266,0.711,-0.374,0.709,0.892,,
625,LSU-rRNA_Hsa_dup8_seq_1299,5.028,0.226,0.610,0.371,0.711,NA,,
626,LSU-rRNA_Hsa_seq_832,8.658,0.192,0.520,0.368,0.713,NA,,
627,tRNA-Ile-TAT-2-1,32.897,-0.134,0.363,-0.368,0.713,0.895,,
628,LSU-rRNA_Hsa_seq_634,5.894,0.184,0.500,0.368,0.713,NA,,
629,tRNA-Ala-AGC-15-1,5.259,0.218,0.595,0.366,0.714,NA,,
630,tRNA-Lys-TTT-7-1,13.731,0.201,0.551,0.365,0.715,NA,,
631,5S_dup34_seq_1473,8.001,0.318,0.877,0.363,0.717,NA,,
632,tRNA-Asn-ATT-1-1,4.870,0.232,0.639,0.362,0.717,NA,,
633,hsa-miR-574-3p,5.583,-0.258,0.720,-0.358,0.720,NA,,
634,5S_dup24_seq_1301,5.535,0.237,0.669,0.355,0.723,NA,,
635,hsa-piR-4589,36.032,-0.332,0.937,-0.354,0.724,0.896,,
636,hsa-piR-29572,309.904,0.219,0.621,0.352,0.725,0.896,,
637,hsa-miR-30d-5p,102.996,-0.128,0.362,-0.352,0.725,0.896,,
638,hsa-piR-32970,42.940,-0.074,0.214,-0.348,0.728,0.896,,
639,5S_dup52_seq_1244,237.537,0.138,0.400,0.345,0.730,0.896,,
640,tRNA-Phe-GAA-8-1,150.868,0.107,0.310,0.345,0.730,0.896,,
641,5S_dup21_seq_851,14.901,-0.172,0.502,-0.343,0.732,NA,,
642,tRNA-Thr-TGT-3-1,27.606,-0.146,0.425,-0.343,0.732,0.896,,
643,tRNA-Arg-ACG-2-2,19.378,-0.110,0.320,-0.342,0.732,0.896,,
644,hsa-piR-22273,108.197,-0.089,0.261,-0.342,0.732,0.896,,
645,hsa-piR-5081,19.511,0.119,0.350,0.341,0.733,0.896,,
646,tRNA-Ile-TAT-2-2,26.371,-0.138,0.409,-0.338,0.735,0.896,,
647,hsa-miR-99b-5p,20.625,0.142,0.420,0.338,0.735,0.896,,
648,5S_dup55_seq_1144,256.486,0.135,0.406,0.332,0.740,0.900,,
649,5S_dup98_seq_123,7.977,0.173,0.526,0.329,0.743,NA,,
650,SSU-rRNA_Hsa_dup4_seq_1549,5.232,-0.166,0.505,-0.328,0.743,NA,,
651,5S_dup32_seq_943,46.056,-0.182,0.559,-0.325,0.745,0.904,,
652,5S_dup82_seq_806,10.044,-0.168,0.518,-0.323,0.746,NA,,
653,LSU-rRNA_Hsa_dup12_seq_686,23.562,0.107,0.333,0.321,0.748,0.905,,
654,SSU-rRNA_Hsa_dup1_seq_503,7.399,-0.143,0.444,-0.321,0.748,NA,,
655,hsa-miR-425-5p,102.024,0.087,0.274,0.316,0.752,0.905,,
656,hsa-miR-25-3p,202.454,0.098,0.312,0.315,0.753,0.905,,
657,5S_dup3_seq_904,56.120,-0.096,0.305,-0.314,0.753,0.905,,
658,5S_dup42_seq_532,37.922,0.118,0.377,0.312,0.755,0.905,,
659,5S_dup29_seq_519,5.976,-0.208,0.670,-0.311,0.756,NA,,
660,hsa-miR-106b-3p,12.207,-0.188,0.605,-0.310,0.756,NA,,
661,hsa-piR-33020,63.950,-0.216,0.706,-0.307,0.759,0.908,,
662,hsa-miR-320b,17.121,0.133,0.442,0.302,0.763,NA,,
663,hsa-miR-660-5p,8.639,0.199,0.672,0.296,0.768,NA,,
664,5S_dup19_seq_158,9.175,-0.160,0.543,-0.295,0.768,NA,,
665,LSU-rRNA_Hsa_dup6_seq_1296,9.483,0.188,0.644,0.292,0.770,NA,,
666,tRNA-Glu-CTC-3-1,119.588,0.117,0.404,0.290,0.772,0.919,,
667,LSU-rRNA_Hsa_dup13_seq_1313,28.057,0.091,0.314,0.290,0.772,0.919,,
668,hsa-miR-3917,17.017,-0.125,0.432,-0.289,0.773,NA,,
669,5S_dup2_seq_706,11.871,-0.131,0.457,-0.287,0.774,NA,,
670,hsa-piR-3328,8.664,0.287,1.005,0.286,0.775,NA,,
671,tRNA-Ser-GCT-5-1,159.074,-0.087,0.314,-0.279,0.780,0.926,,
672,tRNA-Gly-TCC-4-1,13.464,-0.120,0.433,-0.278,0.781,NA,,
673,tRNA-Ser-GCT-6-1,147.317,-0.081,0.293,-0.275,0.783,0.928,,
674,hsa-piR-28763,5.336,-0.262,0.975,-0.269,0.788,NA,,
675,5S_dup14_seq_224,30.405,-0.101,0.378,-0.269,0.788,0.931,,
676,hsa-piR-17062,15.074,0.125,0.468,0.267,0.790,NA,,
677,hsa-piR-17742,12.137,-0.158,0.599,-0.263,0.792,NA,,
678,5S_dup32_seq_1120,38.793,-0.165,0.637,-0.260,0.795,0.937,,
679,LSU-rRNA_Hsa_dup16_seq_323,6.699,-0.132,0.513,-0.257,0.797,NA,,
680,hsa-piR-9016,10.626,-0.210,0.818,-0.256,0.798,NA,,
681,5S_dup47_seq_266,6.376,-0.151,0.600,-0.252,0.801,NA,,
682,hsa-piR-21074,6.532,0.656,2.615,0.251,0.802,NA,,
683,LSU-rRNA_Hsa_seq_666,9.748,-0.084,0.337,-0.249,0.803,NA,,
684,hsa-piR-7435,18.464,-0.076,0.310,-0.244,0.807,0.941,,
685,hsa-miR-210-3p,11.316,-0.141,0.584,-0.241,0.810,NA,,
686,tRNA-Asp-GTC-2-1,43.930,-0.072,0.299,-0.241,0.810,0.941,,
687,tRNA-Asp-GTC-2-2,43.930,-0.072,0.299,-0.241,0.810,0.941,,
688,tRNA-Asp-GTC-2-3,43.930,-0.072,0.299,-0.241,0.810,0.941,,
689,tRNA-Asp-GTC-2-4,43.930,-0.072,0.299,-0.241,0.810,0.941,,
690,tRNA-Asp-GTC-2-5,43.930,-0.072,0.299,-0.241,0.810,0.941,,
691,hsa-miR-30a-3p,5.837,0.162,0.675,0.240,0.810,NA,,
692,hsa-piR-3381,5.114,0.146,0.608,0.240,0.811,NA,,
693,5S_dup5_seq_1176,108.666,0.193,0.819,0.236,0.814,0.942,,
694,tRNA-Ala-AGC-1-1,98.723,0.079,0.335,0.234,0.815,0.942,,
695,tRNA-Ile-AAT-11-1,37.701,-0.061,0.262,-0.233,0.816,0.942,,
696,hsa-piR-6971,15.942,0.550,2.426,0.227,0.821,NA,,
697,5S_dup46_seq_763,6.669,-0.149,0.657,-0.226,0.821,NA,,
698,hsa-piR-19013,24.650,0.063,0.282,0.222,0.824,0.946,,
699,LSU-rRNA_Hsa_dup21_seq_1247,182.595,-0.075,0.342,-0.221,0.825,0.946,,
700,5S_dup15_seq_1501,37.276,0.071,0.322,0.220,0.826,0.946,,
701,5S_dup31_seq_45,5.312,0.155,0.711,0.219,0.827,NA,,
702,hsa-miR-29a-3p,159.423,0.060,0.279,0.215,0.830,0.946,,
703,tRNA-Gly-CCC-2-2,642.946,0.037,0.173,0.213,0.831,0.946,,
704,tRNA-Asp-GTC-5-1,119.844,0.048,0.226,0.212,0.832,0.946,,
705,hsa-miR-30b-5p,28.416,0.106,0.503,0.211,0.833,0.946,,
706,hsa-miR-125b-5p,98.960,-0.093,0.443,-0.209,0.834,0.946,,
707,hsa-piR-26198,15.602,0.077,0.371,0.207,0.836,NA,,
708,hsa-miR-941,11.173,0.197,0.958,0.206,0.837,NA,,
709,tRNA-Ser-GCT-2-1,159.293,-0.065,0.319,-0.205,0.838,0.947,,
710,5S_dup27_seq_1517,13.588,0.189,0.932,0.203,0.839,NA,,
711,hsa-piR-7822,8.960,-0.113,0.560,-0.201,0.840,NA,,
712,SSU-rRNA_Hsa_dup3_seq_1455,11.366,0.113,0.574,0.198,0.843,NA,,
713,tRNA-Met-CAT-3-2,49.731,-0.062,0.329,-0.188,0.851,0.960,,
714,hsa-piR-5575,6.454,0.086,0.458,0.187,0.851,NA,,
715,5S_dup30_seq_1052,9.183,0.103,0.556,0.185,0.853,NA,,
716,hsa-piR-10112,5.481,0.095,0.529,0.180,0.857,NA,,
717,SSU-rRNA_Hsa_dup4_seq_1259,9.879,0.085,0.475,0.179,0.858,NA,,
718,tRX-Arg-NNN-1-1,5.024,0.132,0.740,0.178,0.859,NA,,
719,hsa-miR-363-3p,24.568,-0.078,0.442,-0.177,0.860,0.964,,
720,hsa-piR-20111,22.068,0.059,0.338,0.174,0.862,0.964,,
721,5S_dup86_seq_812,21.817,-0.067,0.390,-0.173,0.863,0.964,,
722,hsa-miR-10b-5p,36.797,-0.076,0.445,-0.172,0.864,0.964,,
723,hsa-piR-19559,22.245,0.103,0.604,0.170,0.865,0.964,,
724,hsa-miR-16-2-3p,7.141,-0.113,0.665,-0.170,0.865,NA,,
725,5S_dup11_seq_1446,6.946,-0.091,0.540,-0.169,0.866,NA,,
726,tRNA-Ser-GCT-4-2,177.680,-0.050,0.296,-0.169,0.866,0.964,,
727,5S_dup9_seq_715,13.334,-0.089,0.530,-0.167,0.867,NA,,
728,tRNA-Phe-GAA-6-1,36.892,0.088,0.526,0.167,0.868,0.964,,
729,hsa-miR-874-3p,5.211,0.113,0.701,0.161,0.872,NA,,
730,hsa-piR-18626,12.182,0.085,0.538,0.158,0.874,NA,,
731,LSU-rRNA_Hsa_dup14_seq_194,35.718,-0.066,0.421,-0.158,0.875,0.965,,
732,tRNA-Arg-ACG-2-4,27.680,0.043,0.276,0.157,0.875,0.965,,
733,hsa-piR-32840,6.838,-0.166,1.067,-0.155,0.877,NA,,
734,tRNA-Ile-AAT-12-1,106.009,-0.045,0.291,-0.154,0.878,0.965,,
735,hsa-piR-15183,289.515,-0.051,0.338,-0.151,0.880,0.965,,
736,hsa-piR-23359,1557.312,0.071,0.473,0.151,0.880,0.965,,
737,hsa-miR-128-3p,22.807,-0.059,0.405,-0.147,0.883,0.965,,
738,5S_dup127_seq_136,55.752,-0.044,0.302,-0.146,0.884,0.965,,
739,hsa-miR-146b-5p,24.471,-0.060,0.410,-0.146,0.884,0.965,,
740,LSU-rRNA_Hsa_dup15_seq_1225,14.145,0.055,0.377,0.146,0.884,NA,,
741,hsa-piR-30374,6.020,-0.073,0.512,-0.143,0.886,NA,,
742,tRNA-Met-CAT-3-1,49.878,-0.046,0.328,-0.142,0.887,0.966,,
743,hsa-piR-15656,10.993,0.058,0.409,0.142,0.887,NA,,
744,LSU-rRNA_Hsa_dup6_seq_589,10.251,-0.083,0.592,-0.140,0.889,NA,,
745,tRNA-Lys-CTT-1-2,557.570,0.040,0.294,0.137,0.891,0.968,,
746,tRNA-Glu-TTC-12-1,7.567,0.090,0.666,0.135,0.893,NA,,
747,tRNA-Glu-TTC-9-1,30.423,0.047,0.346,0.135,0.893,0.968,,
748,hsa-miR-497-5p,12.445,-0.067,0.509,-0.132,0.895,NA,,
749,hsa-piR-19628,10.924,-0.356,2.727,-0.131,0.896,NA,,
750,tRNA-Lys-CTT-1-1,570.009,0.038,0.290,0.130,0.897,0.969,,
751,tRNA-Lys-CTT-4-1,530.896,0.038,0.292,0.129,0.898,0.969,,
752,LSU-rRNA_Hsa_dup17_seq_1404,6.468,0.079,0.621,0.128,0.898,NA,,
753,hsa-miR-320c,7.137,0.089,0.699,0.127,0.899,NA,,
754,hsa-piR-33016,10.676,0.069,0.552,0.124,0.901,NA,,
755,hsa-miR-4525,19.128,0.056,0.457,0.123,0.902,0.970,,
756,hsa-piR-33034,153.912,0.042,0.347,0.121,0.904,0.970,,
757,tRNA-Pro-AGG-1-1,31.337,-0.041,0.341,-0.120,0.905,0.970,,
758,5S_dup13_seq_647,10.733,0.067,0.564,0.119,0.905,NA,,
759,hsa-piR-5019,19.578,0.233,1.984,0.118,0.906,0.970,,
760,5S_dup27_seq_1210,12.187,0.058,0.502,0.116,0.907,NA,,
761,5S_dup47_seq_1079,8.997,-0.057,0.498,-0.115,0.908,NA,,
762,LSU-rRNA_Hsa_dup13_seq_58,2274.271,-0.026,0.232,-0.110,0.912,0.972,,
763,hsa-piR-8339,13.308,0.053,0.479,0.110,0.912,NA,,
764,LSU-rRNA_Hsa_dup3_seq_241,44.670,0.046,0.422,0.109,0.913,0.972,,
765,hsa-miR-543,11.989,0.067,0.610,0.109,0.913,NA,,
766,tRNA-Ser-GCT-1-1,208.772,0.030,0.276,0.109,0.913,0.972,,
767,tRNA-Glu-TTC-10-1,13.549,0.045,0.417,0.107,0.915,NA,,
768,LSU-rRNA_Hsa_dup8_seq_1442,8.197,0.069,0.650,0.106,0.916,NA,,
769,LSU-rRNA_Hsa_dup1_seq_499,6.954,-0.098,0.927,-0.105,0.916,NA,,
770,tRNA-Phe-GAA-2-1,21.473,0.041,0.396,0.103,0.918,0.974,,
771,hsa-piR-31086,12.275,-0.043,0.423,-0.101,0.920,NA,,
772,tRNA-Tyr-GTA-9-1,4.861,0.070,0.707,0.099,0.921,NA,,
773,hsa-piR-4676,32.928,-0.113,1.152,-0.098,0.922,0.976,,
774,5S_dup30_seq_44,7.771,0.087,0.896,0.097,0.923,NA,,
775,hsa-piR-32898,5.869,0.081,0.902,0.090,0.928,NA,,
776,hsa-miR-181b-5p,23.769,0.028,0.312,0.089,0.929,0.982,,
777,tRNA-Arg-CCT-6-1,12.734,-0.035,0.412,-0.086,0.931,NA,,
778,5S_dup17_seq_601,118.628,0.204,2.396,0.085,0.932,0.982,,
779,tRNA-Ser-GCT-4-1,179.443,-0.025,0.297,-0.084,0.933,0.982,,
780,tRNA-Ala-AGC-19-1,12.839,0.043,0.517,0.083,0.934,NA,,
781,hsa-miR-328-3p,4.903,-0.081,0.994,-0.082,0.935,NA,,
782,LSU-rRNA_Hsa_dup14_seq_688,203.614,-0.022,0.291,-0.077,0.939,0.986,,
783,tRNA-Glu-TTC-10-2,13.520,0.032,0.422,0.076,0.939,NA,,
784,tRNA-Ser-TGA-2-1,17.486,0.029,0.406,0.072,0.942,0.988,,
785,5S_dup38_seq_1388,4.589,0.219,3.202,0.068,0.946,NA,,
786,hsa-piR-10126,8.064,-0.049,0.795,-0.062,0.951,NA,,
787,hsa-piR-32974,11.888,0.029,0.491,0.059,0.953,NA,,
788,hsa-piR-24234,82.364,0.021,0.350,0.059,0.953,0.992,,
789,hsa-piR-26160,6.052,0.281,4.794,0.059,0.953,NA,,
790,tRNA-Leu-TAA-3-1,43.277,0.016,0.279,0.057,0.954,0.992,,
791,SSU-rRNA_Hsa_seq_1424,54.031,0.029,0.513,0.056,0.955,0.992,,
792,tRNA-Thr-CGT-4-1,190.782,-0.011,0.193,-0.055,0.956,0.992,,
793,hsa-piR-19109,24.123,0.026,0.482,0.053,0.957,0.992,,
794,LSU-rRNA_Hsa_dup11_seq_1048,118.119,-0.016,0.309,-0.052,0.958,0.992,,
795,5S_dup7_seq_711,11.576,-0.028,0.605,-0.045,0.964,NA,,
796,tRNA-Ala-CGC-3-1,150.438,-0.010,0.243,-0.043,0.966,0.996,,
797,5S_dup5_seq_1086,46.166,-0.017,0.396,-0.043,0.966,0.996,,
798,tRNA-His-GTG-1-2,120.205,0.012,0.323,0.038,0.970,0.997,,
799,SSU-rRNA_Hsa_dup3_seq_1505,47.739,-0.010,0.288,-0.036,0.971,0.997,,
800,hsa-miR-505-3p,8.745,-0.019,0.539,-0.035,0.972,NA,,
801,hsa-piR-6988,5.395,-0.017,0.501,-0.034,0.973,NA,,
802,tRNA-Lys-TTT-4-1,255.631,-0.010,0.301,-0.032,0.975,0.997,,
803,hsa-piR-32026,15.209,0.019,0.628,0.031,0.976,NA,,
804,tRNA-Cys-GCA-16-1,21.365,0.013,0.447,0.030,0.976,0.997,,
805,LSU-rRNA_Hsa_dup10_seq_684,401.288,-0.006,0.261,-0.025,0.980,0.997,,
806,hsa-piR-13807,26.038,-0.007,0.308,-0.022,0.983,0.997,,
807,hsa-piR-8920,52.626,0.004,0.187,0.021,0.983,0.997,,
808,hsa-piR-5818,25.010,-0.009,0.432,-0.020,0.984,0.997,,
809,5S_dup15_seq_154,5.974,0.013,0.658,0.020,0.984,NA,,
810,tRNA-His-GTG-1-6,121.681,0.005,0.317,0.017,0.986,0.997,,
811,hsa-miR-33a-5p,8.058,-0.011,0.722,-0.016,0.987,NA,,
812,tRNA-His-GTG-1-5,121.780,0.005,0.316,0.016,0.988,0.997,,
813,LSU-rRNA_Hsa_seq_1493,4.673,-0.008,0.631,-0.013,0.990,NA,,
814,5S_dup7_seq_1352,25.637,-0.006,0.438,-0.013,0.990,0.997,,
815,LSU-rRNA_Hsa_dup1_seq_674,670.981,0.002,0.180,0.012,0.991,0.997,,
816,LSU-rRNA_Hsa_dup26_seq_97,9.230,0.008,1.031,0.008,0.994,NA,,
817,tRNA-Ala-AGC-23-1,21.758,-0.004,0.759,-0.006,0.995,0.997,,
818,tRNA-Ser-AGA-4-1,55.225,-0.001,0.236,-0.005,0.996,0.997,,
819,tRNA-Val-TAC-4-1,99.352,-0.002,0.450,-0.004,0.997,0.997,,
,,,,,,,,,
,,,,,,,,,
,,,,,,,,,
,,,,,,,,,
,,,,,,,,,
,,,,,,,,,
,,,,,,,,,
,,,,,,,,,
,,,,,,,,,
,,,,,,,,,
,,,,,,,,,
,,,,,,,,,
,,,,,,,,,
,,,,,,,,,
,,,,,,,,,
,,,,,,,,,
,,,,,,,,,
,,,,,,,,,
,,,,,,,,,
,,,,,,,,,
,,,,,,,,,
,,,,,,,,,
,,,,,,,,,
,,,,,,,,,
,,,,,,,,,
,,,,,,,,,
,,,,,,,,,
,,,,,,,,,
,,,,,,,,,
,,,,,,,,,
,,,,,,,,,
,,,,,,,,,
,,,,,,,,,
,,,,,,,,,
,,,,,,,,,
,,,,,,,,,
,,,,,,,,,
,,,,,,,,,
,,,,,,,,,
,,,,,,,,,
,,,,,,,,,
,,,,,,,,,
,,,,,,,,,
,,,,,,,,,
,,,,,,,,,
,,,,,,,,,
,,,,,,,,,
,,,,,,,,,
,,,,,,,,,
,,,,,,,,,
,,,,,,,,,
,,,,,,,,,
,,,,,,,,,
,,,,,,,,,
,,,,,,,,,
,,,,,,,,,
,,,,,,,,,
,,,,,,,,,
,,,,,,,,,
,,,,,,,,,
,,,,,,,,,
,,,,,,,,,
,,,,,,,,,
,,,,,,,,,
,,,,,,,,,
,,,,,,,,,
,,,,,,,,,
,,,,,,,,,
,,,,,,,,,
,,,,,,,,,
,,,,,,,,,
,,,,,,,,,
,,,,,,,,,
,,,,,,,,,
,,,,,,,,,
,,,,,,,,,
,,,,,,,,,
,,,,,,,,,
,,,,,,,,,
,,,,,,,,,
,,,,,,,,,
,,,,,,,,,
,,,,,,,,,
,,,,,,,,,
,,,,,,,,,
,,,,,,,,,
,,,,,,,,,
,,,,,,,,,
,,,,,,,,,
,,,,,,,,,
,,,,,,,,,
,,,,,,,,,
,,,,,,,,,
,,,,,,,,,
,,,,,,,,,
,,,,,,,,,
,,,,,,,,,
,,,,,,,,,
,,,,,,,,,
,,,,,,,,,
,,,,,,,,,
,,,,,,,,,
,,,,,,,,,
,,,,,,,,,
,,,,,,,,,
,,,,,,,,,
,,,,,,,,,
,,,,,,,,,
,,,,,,,,,
,,,,,,,,,
,,,,,,,,,
,,,,,,,,,
,,,,,,,,,
,,,,,,,,,
,,,,,,,,,
,,,,,,,,,
,,,,,,,,,
,,,,,,,,,
,,,,,,,,,
,,,,,,,,,
,,,,,,,,,
,,,,,,,,,
,,,,,,,,,
,,,,,,,,,
,,,,,,,,,
,,,,,,,,,
,,,,,,,,,
,,,,,,,,,
,,,,,,,,,
,,,,,,,,,
,,,,,,,,,
,,,,,,,,,
,,,,,,,,,
,,,,,,,,,
,,,,,,,,,
,,,,,,,,,
,,,,,,,,,
,,,,,,,,,
,,,,,,,,,
,,,,,,,,,
,,,,,,,,,
,,,,,,,,,
,,,,,,,,,
,,,,,,,,,
,,,,,,,,,
,,,,,,,,,
,,,,,,,,,
,,,,,,,,,
,,,,,,,,,
,,,,,,,,,
,,,,,,,,,
,,,,,,,,,
,,,,,,,,,
,,,,,,,,,
,,,,,,,,,
,,,,,,,,,
,,,,,,,,,
,,,,,,,,,
,,,,,,,,,
,,,,,,,,,
,,,,,,,,,
,,,,,,,,,
,,,,,,,,,
,,,,,,,,,
,,,,,,,,,
,,,,,,,,,
,,,,,,,,,
,,,,,,,,,
,,,,,,,,,
,,,,,,,,,
,,,,,,,,,
,,,,,,,,,
